{"main":"American-flight-api-2.raml","name":"American Flight API 2","organizationId":"6bc3d740-1d4a-4b93-a5c2-3af100c238ef","groupId":"6bc3d740-1d4a-4b93-a5c2-3af100c238ef","assetId":"indian-flight-api","version":"1.0.1","metadata":{"branchId":"master","commitId":"45a565b70dbb602873684caf6f46fcbcf999f57a","projectId":"a72f66b8-9337-41ba-b7a6-db20af37287f"},"apiVersion":"v1","classifier":"raml","dependencies":[{"assetId":"training-american-flight-data-type","groupId":"68ef9520-24e9-4cf2-b2f5-620025690913","version":"1.0.1"},{"assetId":"training-american-flights-example","groupId":"68ef9520-24e9-4cf2-b2f5-620025690913","version":"1.0.1"}],"tags":[],"originalFormatVersion":"1.0"}